{
  "2023-01": 13.619354838709677,
  "2023-02": 14.328571428571431,
  "2023-03": 15.6,
  "2023-04": 18.696666666666665,
  "2023-05": 22.04516129032258,
  "2023-06": 24.83,
  "2023-07": 26.154838709677417,
  "2023-08": 26.42258064516129,
  "2023-09": 24.90666666666667,
  "2023-10": 22.809677419354838,
  "2023-11": 19.15,
  "2023-12": 15.829032258064515
}